country_uid,country_name,confederation,prediction_eligible,wc2026_eligible,elo_rating,attack_rating,defense_rating,sample_size,recent_form_score,momentum_score,consistency_score,streak_score,squad_overall_strength,squad_confidence,top11_count,eligible_players,has_elo,has_attack,has_form,has_squad,regional_baseline_used,fallback_used,missing_signals,confidence_adjustment,data_density_tier,elo_n,attack_n,defense_n,form_n,squad_n,elo_trend_fallback,historical_performance_fallback,confederation_strength_proxy,attack_defense_n,elo_contribution,squad_contribution,form_contribution,attack_contribution,recent_weight,historical_weight,squad_weight,overall_rank_score,rank,power_index,power_rank
C_ES,Spain,UEFA,True,True,2079.2507204274743,95.40091739202806,91.0611966867193,118.29147081607474,0.6923076923076923,-0.25,0.8333333333333334,0.0,0.23025492608180756,0.9877922077922076,11.0,2166.0,True,True,True,True,False,False,0,0.9877922077922076,HIGH,1.0,0.8287073322090052,0.9327640553286682,0.7407541754332486,0.9847255725428408,1.0,0.5,0.5,0.8807356937688366,0.45,0.1969451145085681,0.1481508350866497,0.1321103540653254,0.7407541754332486,0.2592458245667514,0.2,0.9158871617717002,1,100.0,1.0
C_FR,France,UEFA,True,True,2066.2371663673243,93.90825924219403,95.19291093026922,161.54712561011763,0.717948717948718,-0.5,0.8032457720443428,0.0,0.2428098793020268,0.9706222943722944,11.0,1894.0,True,True,True,True,False,False,0,0.9706222943722944,HIGH,0.9836252446705191,0.6816689465527138,0.4565009546384814,0.8855809945461518,1.0,0.9836252446705191,0.5,0.5,0.5690849505955976,0.4426313601017336,0.2,0.1771161989092303,0.0853627425893396,0.8855809945461518,0.1144190054538482,0.2,0.8785202375992862,2,100.0,1.0
C_AR,Argentina,CONMEBOL,True,True,2026.300510673052,88.79436495193241,87.82051498706693,174.3517974405218,0.6944444444444444,-0.5,0.8032457720443428,0.0,0.29848085207243763,0.97629329004329,11.0,1728.0,True,True,True,True,False,False,0,0.97629329004329,HIGH,0.9333735637961944,0.7748234723760088,0.7187821309021025,0.8860915939093684,0.7933760458850849,0.9333735637961944,0.5,0.5,0.7468028016390557,0.4200181037082874,0.158675209177017,0.1772183187818737,0.1120204202458583,0.8860915939093684,0.1139084060906315,0.2,0.8473562384962019,3,97.6574958398684,3.0
C_DE,Germany,UEFA,True,True,1918.8243567774311,90.5452826013729,78.60261476701564,176.96526638545217,0.6666666666666666,-0.5,0.8032457720443428,0.0,0.2542547324225711,0.9936796536796538,11.0,1452.0,True,True,True,True,False,False,0,0.9936796536796538,HIGH,0.7981379689955741,1.0,0.5739773805033574,0.8859209789618677,0.8732349274699187,0.7981379689955741,0.5,0.5,0.7869886902516787,0.3591620860480083,0.1746469854939837,0.1771841957923735,0.1180483035377518,0.8859209789618677,0.1140790210381322,0.2,0.8238017410302418,4,86.74743956453229,7.0
C_BR,Brazil,CONMEBOL,True,True,1957.6619525691096,82.26225929691455,83.95527475885291,173.7784291983251,0.5128205128205128,0.0,0.7597469266479578,0.0,0.2628654994934005,0.9593652597402595,11.0,2695.0,True,True,True,True,False,False,0,0.9593652597402595,HIGH,0.8470067196638815,0.998477364937826,0.8563655050806188,0.5978905442626222,0.8634841508142751,0.8470067196638815,0.5,0.5,0.9274214350092224,0.3811530238487467,0.172696830162855,0.1195781088525244,0.1391132152513833,0.5978905442626222,0.4021094557373778,0.2,0.7795237783924422,5,86.40407827197726,8.0
C_PT,Portugal,UEFA,True,True,1940.427785249928,92.1670928365908,83.20223613206689,126.12307700261924,0.5833333333333334,-0.25,0.8333333333333334,0.0,0.22954469589827814,0.9876574675324676,11.0,1256.0,True,True,True,True,False,False,0,0.9876574675324676,HIGH,0.8253212314525481,0.5469037430469614,0.6498021894665521,0.7418015216315714,0.8780160900828206,0.8253212314525481,0.5,0.5,0.5983529662567568,0.3713945541536466,0.1756032180165641,0.1483603043263142,0.0897529449385135,0.7418015216315714,0.2581984783684286,0.2,0.7754207631623591,6,88.27103854957055,6.0
C_GB-ENG,England,UEFA,True,True,1957.9957034289807,89.49258280570542,92.51298467650916,184.9707677243792,0.6410256410256411,0.25,0.8333333333333334,0.0,0.24158191696442707,0.9607196969696968,11.0,1679.0,True,True,True,True,False,False,0,0.9607196969696968,HIGH,0.8474266732481316,0.9200768644402696,0.882757512022007,0.4511791584342077,0.9681328192123776,0.8474266732481316,0.5,0.5,0.9014171882311384,0.3813420029616592,0.1936265638424755,0.0902358316868415,0.1352125782346707,0.4511791584342077,0.5488208415657923,0.2,0.7689763553292646,7,92.56878494034142,4.0
C_NL,Netherlands,UEFA,True,True,1920.391860301744,90.6601216507213,87.25598873508181,153.47262152395243,0.6923076923076923,-0.25,0.8333333333333334,0.0,0.25386475974267564,0.986758658008658,11.0,1554.0,True,True,True,True,False,False,0,0.986758658008658,HIGH,0.8001103346206816,0.8676574192914471,0.5367114207126912,0.7407541754332486,0.8175244297034819,0.8001103346206816,0.5,0.5,0.7021844200020692,0.3600496505793067,0.1635048859406964,0.1481508350866497,0.1053276630003103,0.7407541754332486,0.2592458245667514,0.2,0.7667440744571622,8,89.84120340377821,5.0
C_IT,Italy,UEFA,True,True,1888.571124635082,82.97991724796591,76.08778670304001,154.15158027550402,0.7333333333333333,-0.25,0.7142857142857143,0.0,0.26253127670342385,0.9683739177489176,11.0,1993.0,True,True,True,True,False,False,0,0.9683739177489176,HIGH,0.7600707913462394,0.6189897788484278,0.757761489056373,0.9017115983178348,0.7795094379192474,0.7600707913462394,0.5,0.5,0.6883756339524003,0.3420318561058078,0.1559018875838494,0.1803423196635669,0.10325634509286,0.9017115983178348,0.0982884016821651,0.2,0.7568156002146819,9,82.87155277672257,9.0
C_JP,Japan,AFC,True,True,1908.2610336917337,76.94576180787357,73.11732367844216,114.86562515116468,0.5897435897435898,-0.5,0.8032457720443428,0.0,0.328763018991261,0.9921791125541124,11.0,923.0,True,True,True,True,False,False,0,0.9921791125541124,HIGH,0.7848463016927714,0.4874288262575244,0.7299171031919102,0.8862611167596444,0.6319248134087156,0.7848463016927714,0.5,0.5,0.6086729647247173,0.3531808357617471,0.1263849626817431,0.1772522233519289,0.0913009447087076,0.8862611167596444,0.1137388832403556,0.2,0.7422680122709643,10,80.86139257186029,10.0
C_NG,Nigeria,CAF,True,True,1821.144749674188,72.56253341643047,69.64159992884468,109.46709183244576,0.75,0.0,0.8032457720443428,0.0,0.274017158596642,0.9902667748917748,11.0,513.0,True,True,True,True,False,False,0,0.9902667748917748,HIGH,0.6752292186570833,0.3504907139817309,0.8529691022278754,0.9028773263826666,0.6746394940830872,0.6752292186570833,0.5,0.5,0.6017299081048031,0.3038531483956875,0.1349278988166174,0.1805754652765333,0.0902594862157204,0.9028773263826666,0.0971226736173334,0.2,0.7027091464487693,11,73.78147496794277,19.0
C_BE,Belgium,UEFA,True,True,1875.8870374094847,82.55702633437858,74.90906344075124,148.0592364578359,0.6410256410256411,-0.25,0.8333333333333334,0.0,0.25099955969978843,0.9991341991341992,11.0,1196.0,True,True,True,True,False,False,0,0.9991341991341992,HIGH,0.7441105990777059,0.652302074797882,0.2766127909932069,0.7409761720384002,0.7293891157913044,0.7441105990777059,0.5,0.5,0.4644574328955445,0.3348497695849677,0.1458778231582609,0.14819523440768,0.0696686149343316,0.7409761720384002,0.2590238279615998,0.2,0.6979866010098419,12,79.90094489478523,11.0
C_DK,Denmark,UEFA,True,True,1868.6854649196632,80.29326581902782,69.4747526806994,148.08566443744826,0.7,0.0,0.7277142573518672,0.0,0.2353095560035888,0.9944924242424242,11.0,1199.0,True,True,True,True,False,False,0,0.9944924242424242,HIGH,0.735048970950348,0.6366489351648401,0.3869169149477368,0.7634839506136241,0.7009753918108826,0.735048970950348,0.5,0.5,0.5117829250562884,0.3307720369276566,0.1401950783621765,0.1526967901227248,0.0767674387584432,0.7634839506136241,0.2365160493863759,0.2,0.6965736654799988,13,77.64632119820969,14.0
C_CI,Ivory Coast,CAF,True,True,1789.7612560751118,67.99392523542505,74.71254357498891,106.61499780337662,0.6111111111111112,-0.5,0.8032457720443428,0.0,0.2503614326149779,0.9902992424242424,11.0,327.0,True,True,True,True,False,False,0,0.9902992424242424,HIGH,0.6357398503650774,0.3853545246875822,0.9488840723022296,0.8862611167596444,0.6792266233855063,0.6357398503650774,0.5,0.5,0.6671192984949059,0.2860829326642848,0.1358453246771012,0.1772522233519289,0.1000678947742358,0.8862611167596444,0.1137388832403556,0.2,0.6924651364918979,14,69.20587496091221,23.0
C_AU,Australia,AFC,True,True,1860.0626509262668,55.99369822837136,67.79662405387678,234.15822054174583,0.6153846153846154,0.0,1.0,0.0,0.3138076192941275,0.9993506493506494,11.0,893.0,True,True,True,True,False,False,0,0.9993506493506494,HIGH,0.7241990164536083,0.5978232079638627,0.440834951352363,0.5965165769103273,0.6369577038112566,0.7241990164536083,0.5,0.5,0.5193290796581129,0.3258895574041237,0.1273915407622513,0.1193033153820654,0.0778993619487169,0.5965165769103273,0.4034834230896726,0.2,0.6500613834351463,15,69.81129772625955,22.0
C_SE,Sweden,UEFA,True,True,1758.6561719458516,65.71444766480766,60.575244175549,183.5009359194028,0.4358974358974359,-0.5,0.8032457720443428,0.0,0.2950897763490892,0.9641260822510824,11.0,764.0,True,True,True,True,False,False,0,0.9641260822510824,HIGH,0.596600800435647,0.7263809561858072,0.4257662521327719,0.8859222705314779,0.6823854336951276,0.596600800435647,0.5,0.5,0.5760736041592895,0.2684703601960411,0.1364770867390255,0.1771844541062955,0.0864110406238934,0.8859222705314779,0.1140777294685221,0.2,0.6445596871643369,16,60.59260536886223,42.0
C_UY,Uruguay,CONMEBOL,True,True,1875.4791530522457,54.41172490540707,72.3117932553132,159.27512618340347,0.4871794871794871,0.0,1.0,0.0,0.2713497898168616,0.9651785714285716,11.0,343.0,True,True,True,True,False,False,0,0.9651785714285716,HIGH,0.7435973644515891,0.4802912665185281,0.462519152839333,0.5965165769103273,0.6311289436064147,0.7435973644515891,0.5,0.5,0.4714052096789306,0.3346188140032151,0.1262257887212829,0.1193033153820654,0.0707107814518396,0.5965165769103273,0.4034834230896726,0.2,0.6281948698416374,17,68.86971930320571,24.0
C_PL,Poland,UEFA,True,True,1721.9879684040154,64.18168231720199,47.55307985088956,148.27245754599775,0.6666666666666666,-0.25,0.7142857142857143,0.0,0.3028857800759329,0.9997835497835496,11.0,653.0,True,True,True,True,False,False,0,0.9997835497835496,HIGH,0.5504617627374205,0.4784731670343046,0.3883404364947792,0.8619642101972337,0.6260813127205517,0.5504617627374205,0.5,0.5,0.4334068017645419,0.2477077932318392,0.1252162625441103,0.1723928420394467,0.0650110202646813,0.8619642101972337,0.1380357898027663,0.2,0.6101958124701035,18,57.38353690444677,49.0
C_NO,Norway,UEFA,True,True,1863.3779208230253,82.39341771991768,68.46777818577246,147.51713020967512,0.6666666666666666,0.25,0.8333333333333334,0.0,0.2854872272955742,0.9822256493506492,11.0,561.0,True,True,True,True,False,False,0,0.9822256493506492,HIGH,0.7283705696787838,0.3858419733095522,0.2369479007507743,0.4522789783874059,0.7480582694737964,0.7283705696787838,0.5,0.5,0.3113949370301633,0.3277667563554527,0.1496116538947592,0.0904557956774811,0.0467092405545244,0.4522789783874059,0.5477210216125941,0.2,0.6036203357751821,19,78.2377505186057,12.0
C_UA,Ukraine,UEFA,True,True,1757.1358505274222,60.92688417941374,45.42361192262915,63.04861941624648,0.5333333333333333,0.0,0.6711869097939005,1.0,0.22362005657620682,0.9913852813852814,11.0,1619.0,True,True,True,True,False,False,0,0.9913852813852814,HIGH,0.5946878033301766,0.2161828003776005,0.5980474617373818,0.728278556372831,0.6515205387905227,0.5946878033301766,0.5,0.5,0.4071151310574911,0.2676095114985795,0.1303041077581045,0.1456557112745662,0.0610672696586236,0.728278556372831,0.271721443627169,0.2,0.5994278260150779,20,54.39950601700365,61.0
C_CO,Colombia,CONMEBOL,True,True,1921.7753523167885,66.93444914726466,68.82140762991406,108.16656078308102,0.5384615384615384,0.5,0.8032457720443428,0.0,0.32497187317044607,0.968676948051948,11.0,954.0,True,True,True,True,False,False,0,0.968676948051948,HIGH,0.801851161388061,0.2308349908163832,0.543494389882932,0.3074521592745028,0.6099719439785952,0.801851161388061,0.5,0.5,0.3871646903496576,0.3608330226246274,0.121994388795719,0.0614904318549005,0.0580747035524486,0.3074521592745028,0.6925478407254971,0.2,0.5835237737902925,21,76.66228612552176,15.0
C_CM,Cameroon,CAF,True,True,1718.768901277604,54.99619956004644,60.78242975862428,102.01118052213296,0.5714285714285714,-0.5,0.6711869097939005,1.0,0.23094648225953493,0.9702159090909092,11.0,246.0,True,True,True,True,False,False,0,0.9702159090909092,HIGH,0.5464112599815613,0.2053981500373691,0.8031213792860687,0.7372979378932893,0.6371919939974781,0.5464112599815613,0.5,0.5,0.504259764661719,0.2458850669917025,0.1274383987994956,0.1474595875786578,0.0756389646992578,0.7372979378932893,0.2627020621067106,0.2,0.5786581304627599,22,55.34284346884647,55.0
C_EC,Ecuador,CONMEBOL,True,True,1884.4266164627168,48.58431560040222,69.94359946726279,100.2787221845028,0.4358974358974359,0.0,1.0,0.0,0.27650445960625103,0.9593138528138528,11.0,106.0,True,True,True,True,False,False,0,0.9593138528138528,HIGH,0.7548558203268064,0.1092658235078171,0.2784119401755873,0.5965165769103273,0.5673652208508668,0.7548558203268064,0.5,0.5,0.1938388818417022,0.3396851191470629,0.1134730441701733,0.1193033153820654,0.0290758322762553,0.5965165769103273,0.4034834230896726,0.2,0.5770630754032464,23,66.38332220380255,29.0
C_CZ,Czech Republic,UEFA,True,True,1734.8176258996514,54.18531919229861,54.479542815007335,70.51072922664603,0.4871794871794871,0.0,1.0,0.0,0.3018882003832769,0.9793138528138527,11.0,574.0,True,True,True,True,False,False,0,0.9793138528138527,HIGH,0.5666051238423927,0.4362904405791146,0.8103116531674369,0.5965165769103273,0.5874225139234267,0.5666051238423927,0.5,0.5,0.6233010468732758,0.2549723057290767,0.1174845027846853,0.1193033153820654,0.0934951570309913,0.5965165769103273,0.4034834230896726,0.2,0.5731486040440967,24,54.63961057566081,59.0
C_KR,South Korea,AFC,True,True,1828.92449771848,56.983500797792885,60.14537964830253,165.81220778581184,0.5641025641025641,0.5,0.8032457720443428,0.0,0.33907846018618526,0.9846320346320346,11.0,610.0,True,True,True,True,False,False,0,0.9846320346320346,HIGH,0.6850183562102438,0.4380485644385224,1.0,0.3067720370610103,0.4631413803443267,0.6850183562102438,0.5,0.5,0.7190242822192612,0.3082582602946097,0.0926282760688653,0.061354407412202,0.1078536423328891,0.3067720370610103,0.6932279629389897,0.2,0.5613333922527853,25,65.51647917608018,30.0
C_GB-SCT,Scotland,UEFA,True,True,1741.2776399673708,53.77526360487439,49.63183197623723,146.7496704099488,0.4871794871794871,0.5,0.8032457720443428,0.0,0.2281668517288667,0.9966233766233766,11.0,1016.0,True,True,True,True,False,False,0,0.9966233766233766,HIGH,0.5747336603893635,0.4958984754052574,0.4729947547033629,0.3067720370610103,0.6328287689475978,0.5747336603893635,0.5,0.5,0.4844466150543102,0.2586301471752135,0.1265657537895195,0.061354407412202,0.0726669922581465,0.3067720370610103,0.6932279629389897,0.2,0.51746409936021,26,51.86134624584135,69.0
C_CA,Canada,CONCACAF,True,True,1775.3720775589434,57.27392206165858,62.237740110687845,80.67781299049246,0.5490196078431373,0.0,1.0,0.0,0.2896341777590096,0.940435064935065,11.0,133.0,True,True,True,True,False,False,0,0.940435064935065,HIGH,0.6176341678969812,0.11020916632179,0.5641011686217718,0.5965165769103273,0.4653025527876532,0.6176341678969812,0.5,0.5,0.3371551674717809,0.2779353755536415,0.0930605105575306,0.1193033153820654,0.0505732751207671,0.5965165769103273,0.4034834230896726,0.2,0.5086554426660811,27,61.26855728920469,40.0
C_GB-WLS,Wales,UEFA,True,True,1701.004230422038,52.9174144097473,52.742825360584376,124.25669543128694,0.4666666666666667,0.0,0.7277142573518672,0.0,0.24058200337926153,0.9884415584415585,11.0,152.0,True,True,True,True,False,False,0,0.9884415584415585,HIGH,0.5240582473130683,0.1659084680213582,0.2089512584677152,0.7431189695749335,0.506262407920666,0.5240582473130683,0.5,0.5,0.1874298632445367,0.2358262112908807,0.1012524815841332,0.1486237939149867,0.0281144794866805,0.7431189695749335,0.2568810304250665,0.2,0.5078780429002364,28,49.77658524112038,74.0
C_MX,Mexico,CONCACAF,True,True,1803.836029896596,54.88627143445477,59.6808358866535,164.63262120193298,0.5606060606060606,0.0,1.0,0.0,0.33040639585346737,0.84082683982684,11.0,534.0,True,True,True,True,False,False,0,0.84082683982684,HIGH,0.6534499222316342,0.5300188682852417,0.7058220556430671,0.5965165769103273,0.4001298952762326,0.6534499222316342,0.5,0.5,0.6179204619641544,0.2940524650042354,0.0800259790552465,0.1193033153820654,0.0926880692946231,0.5965165769103273,0.4034834230896726,0.2,0.4927832420140917,29,62.807093651894,35.0
C_CL,Chile,CONMEBOL,True,True,1733.0729296650095,45.79601870239825,38.23662381384774,132.08896824119435,0.4814814814814814,-0.5,0.7142857142857143,0.0,0.26196675224213223,0.8542040043290043,11.0,143.0,True,True,True,True,False,False,0,0.8542040043290043,HIGH,0.5644097993496001,0.3553981347327335,0.2494481097207618,1.0,0.3770758510210919,0.5644097993496001,0.5,0.5,0.3024231222267476,0.25398440970732,0.0754151702042184,0.2,0.0453634683340121,1.0,0.0,0.2,0.4909648973516941,30,46.20021986376726,92.0
C_IR,Iran,AFC,True,True,1838.8708796807907,57.4776954410363,58.32144585260769,107.79997348516638,0.4242424242424242,0.0,0.7597469266479578,0.0,0.24693093601597346,0.7760714285714285,11.0,56.0,True,True,True,True,False,False,0,0.7760714285714285,HIGH,0.6975337359668881,0.4766702608388112,1.0,0.5976163968635255,0.3428503093824393,0.6975337359668881,0.5,0.5,0.7383351304194056,0.3138901811850996,0.0685700618764878,0.1195232793727051,0.1107502695629108,0.5976163968635255,0.4023836031364745,0.2,0.4755251892892582,31,61.64862789803871,37.0
C_GB-NIR,Northern Ireland,UEFA,True,True,1672.18385181532,40.239752906728896,46.19118687378698,228.74800255337504,0.4333333333333333,-0.25,0.7597469266479578,0.0,0.21535216739785681,0.95775487012987,11.0,403.0,True,True,True,True,False,False,0,0.95775487012987,HIGH,0.487794007274819,0.0945469209086003,0.238468296787922,0.5621679389934896,0.5957454934458957,0.487794007274819,0.5,0.5,0.1665076088482611,0.2195073032736685,0.1191490986891791,0.1124335877986979,0.0249761413272391,0.5621679389934896,0.4378320610065104,0.2,0.4559546555541688,32,41.03028644607253,109.0
C_PY,Paraguay,CONMEBOL,True,True,1818.1107131101603,42.17470162679997,50.9754402464874,129.69790985821942,0.4358974358974359,0.0,0.7597469266479578,0.0,0.30489297549418615,0.8467537878787877,11.0,147.0,True,True,True,True,False,False,0,0.8467537878787877,HIGH,0.671411537017847,0.2134829416558489,0.2922143365852805,0.5954167569571289,0.3921854893369839,0.671411537017847,0.5,0.5,0.2528486391205647,0.3021351916580311,0.0784370978673967,0.1190833513914257,0.0379272958680847,0.5954167569571289,0.4045832430428711,0.2,0.4552003880216495,33,54.959624615466055,56.0
C_US,United States,CONCACAF,True,True,1646.2281192586634,59.89858992095375,43.173783462915175,140.48534033124218,0.5087719298245614,0.5,0.8032457720443428,0.0,0.310019986480879,0.9792261904761904,11.0,611.0,True,True,True,True,False,False,0,0.9792261904761904,HIGH,0.4551343073920499,0.2742545427476284,0.2844654539200195,0.3067720370610103,0.6233350903341993,0.4551343073920499,0.5,0.5,0.2793599983338239,0.2048104383264224,0.1246670180668398,0.061354407412202,0.0419039997500735,0.3067720370610103,0.6932279629389897,0.2,0.423746291151914,34,47.47452448964857,88.0
C_VE,Venezuela,CONMEBOL,True,True,1720.1150546975557,43.86809421906696,34.432684316143664,75.83723347765938,0.3703703703703703,0.25,0.6909830056250527,0.0,0.26618125835222495,0.9080275974025972,11.0,137.0,True,True,True,True,False,False,0,0.9080275974025972,HIGH,0.5481051041678433,0.0,0.0301550526940122,0.6437790613647952,0.4220162227138828,0.5481051041678433,0.5,0.5,0.0150775263470061,0.2466472968755295,0.0844032445427765,0.128755812272959,0.0022616289520509,0.6437790613647952,0.3562209386352047,0.2,0.4195704801162752,35,42.051498279528246,107.0
C_EG,Egypt,CAF,True,True,1786.435014047278,53.27119447108414,62.62234095721438,125.84488732206069,0.5396825396825397,-0.25,0.8333333333333334,0.0,0.282891084640544,0.7050795454545454,11.0,99.0,True,True,True,True,False,False,0,0.7050795454545454,HIGH,0.6315544910757805,0.324386689829621,0.8784130387479824,0.7407541754332486,0.3114691894956823,0.6315544910757805,0.5,0.5,0.6013998642888017,0.2841995209841012,0.0622938378991364,0.1481508350866497,0.0902099796433202,0.7407541754332486,0.2592458245667514,0.2,0.4123687148883942,36,60.64938214542184,41.0
C_ZA,South Africa,CAF,True,True,1664.0665552174578,44.17973597296079,56.14053339606414,81.63797716799903,0.5208333333333334,0.25,0.8333333333333334,0.0,0.30485713696865113,0.642319264069264,11.0,126.0,True,True,True,True,False,False,0,0.642319264069264,HIGH,0.4775801375577183,0.1491351410012269,0.9619189593564076,0.4511791584342077,0.3352728013249637,0.4775801375577183,0.5,0.5,0.5555270501788173,0.2149110619009732,0.0670545602649927,0.0902358316868415,0.0833290575268226,0.4511791584342077,0.5488208415657923,0.2,0.2925960228304595,37,47.9268539872619,84.0
C_PE,Peru,CONMEBOL,True,True,1692.1614908608965,30.49658012344211,37.688418238640025,113.68831635807456,0.1481481481481481,0.0,0.8032457720443428,0.0,0.2907512151223159,0.5895367965367965,11.0,102.0,True,True,True,True,False,False,0,0.5895367965367965,HIGH,0.5129315638500617,0.1474476364927389,0.2793330828160939,0.152423242328956,0.2813886436680765,0.5129315638500617,0.5,0.5,0.2133903596544164,0.2308192037325277,0.0562777287336153,0.0304846484657912,0.0320085539481624,0.152423242328956,0.8475767576710439,0.2,0.2060962482180788,38,34.37877679140913,119.0
C_SA,Saudi Arabia,AFC,True,True,1670.5720048109026,39.18944614123782,49.39203680397332,128.6925470300189,0.4545454545454545,0.5,0.8032457720443428,0.0,0.343736044013222,0.4606774891774892,11.0,492.0,True,True,True,True,False,False,0,0.4606774891774892,HIGH,0.4857658449293217,0.243390366895992,0.7845236589844133,0.3069415599112862,0.071715571856304,0.4857658449293217,0.5,0.5,0.5139570129402027,0.2185946302181947,0.0143431143712608,0.0613883119822572,0.0770935519410304,0.3069415599112862,0.6930584400887139,0.2,0.1711046526809365,39,44.74907343169968,99.0
C_BO,Bolivia,CONMEBOL,True,True,1651.6527333344748,34.45996536125664,21.073389985527115,90.6409148621101,0.4102564102564102,0.25,0.6909830056250527,0.0,0.3206462314874357,0.3844107142857144,11.0,62.0,True,True,True,True,False,False,0,0.3844107142857144,HIGH,0.4619600160215067,0.0160875078843485,0.0,0.6088679023768252,0.0138261963610267,0.4619600160215067,0.5,0.5,0.0080437539421742,0.207882007209678,0.0027652392722053,0.121773580475365,0.0012065630913261,0.6088679023768252,0.3911320976231748,0.2,0.1282499433138512,40,32.43824494837156,120.0
C_QA,Qatar,AFC,True,True,1591.5089637384624,38.07779479736439,29.475952438497167,109.4065737971245,0.3095238095238095,0.25,0.8333333333333334,0.0,0.3261057778068427,0.2667370129870129,11.0,54.0,True,True,True,True,False,False,0,0.2667370129870129,HIGH,0.3862820338826276,0.155552681057674,0.6020511545301968,0.4701215512047729,0.0,0.3862820338826276,0.5,0.5,0.3788019177939354,0.1738269152471824,0.0,0.0940243102409545,0.0568202876690903,0.4701215512047729,0.529878448795227,0.2,0.0866019096215324,41,30.567960405277468,122.0
C_CN,China,AFC,True,True,1543.1297864812684,38.25728180915198,34.4677231963332,106.26617239027742,0.4666666666666667,0.0,0.6909830056250527,0.0,0.31915168131750493,0.174431277056277,11.0,58.0,True,True,True,True,False,False,0,0.174431277056277,HIGH,0.3254072577095303,0.4334579505631129,0.7231724600290665,0.5961083496616145,0.0592657995881654,0.3254072577095303,0.5,0.5,0.5783152052960897,0.1464332659692886,0.011853159917633,0.1192216699323229,0.0867472807944134,0.5961083496616145,0.4038916503383855,0.2,0.0635375305173355,42,31.019193162087618,121.0
C_AE,United Arab Emirates,AFC,True,True,1638.111318655565,45.963265283317824,45.09092872985671,103.87798033000334,0.4358974358974359,0.0,0.7277142573518672,0.0,0.34814814814814815,0.1095297619047618,11.0,27.0,True,True,True,True,False,False,0,0.1095297619047618,HIGH,0.4449210617775473,0.1772882717938491,0.5593670824246975,0.4446807477895295,0.1633063221990266,0.4449210617775473,0.5,0.5,0.3683276771092733,0.2002144777998963,0.0326612644398053,0.0889361495579059,0.0552491515663909,0.4446807477895295,0.5553192522104704,0.2,0.0412994063032198,43,43.10789532873155,103.0
C_IN,India,AFC,True,True,1284.5179871254606,20.601840017686012,23.6955303313083,79.66235403310831,0.0833333333333333,0.0,0.8333333333333334,0.0,0.35,0.0862121212121212,11.0,21.0,True,True,True,True,False,False,0,0.0862121212121212,HIGH,0.0,0.0029586369402592,0.3453061858694631,0.0,0.243940330212741,0.0,0.5,0.5,0.1741324114048612,0.0,0.0487880660425482,0.0,0.0261198617107291,0.0,1.0,0.2,0.0064579713472143,44,0.0,130.0
C_ZM,Zambia,CAF,True,True,1786.435014047278,38.98716655964414,25.54673565851112,0.0,0.1851851851851851,,,,0.21383979159998132,,,,True,False,False,False,True,True,4,,SPARSE,0.2711377093771372,0.2996971572953313,0.3169986125803076,0.5965165769103273,0.5259500392963173,0.2711377093771372,0.5,0.5,0.0462521827406729,0.1220119692197117,0.1051900078592634,0.1193033153820654,0.0069378274111009,0.5965165769103273,0.4034834230896726,0.2,0.0,45,38.50919188414142,113.0
C_GN,Guinea,CAF,True,True,1786.435014047278,50.189376603904165,48.95583850964872,0.0,0.5416666666666666,,,,0.24227997764798906,,,,True,False,False,False,True,True,4,,SPARSE,0.2711377093771372,0.2996971572953313,0.3169986125803076,0.5965165769103273,0.5259500392963173,0.2711377093771372,0.5,0.5,0.0462521827406729,0.1220119692197117,0.1051900078592634,0.1193033153820654,0.0069378274111009,0.5965165769103273,0.4034834230896726,0.2,0.0,46,54.77771212517803,57.0
C_NC,New Caledonia,OFC,True,True,1500.0,48.70933540122272,36.023137743882096,0.0,0.5,,,,0.2441818601510749,,,,False,False,False,False,True,True,4,,SPARSE,0.2711377093771372,0.2996971572953313,0.3169986125803076,0.5965165769103273,0.5259500392963173,0.2711377093771372,0.5,0.5,0.0462521827406729,0.1220119692197117,0.1051900078592634,0.1193033153820654,0.0069378274111009,0.5965165769103273,0.4034834230896726,0.2,0.0,47,30.497739976981634,123.0
C_GH,Ghana,CAF,True,True,1786.435014047278,49.465022022226925,48.27041324454173,0.0,0.3939393939393939,,,,0.2504153700376336,,,,True,False,False,False,True,True,4,,SPARSE,0.2711377093771372,0.2996971572953313,0.3169986125803076,0.5965165769103273,0.5259500392963173,0.2711377093771372,0.5,0.5,0.0462521827406729,0.1220119692197117,0.1051900078592634,0.1193033153820654,0.0069378274111009,0.5965165769103273,0.4034834230896726,0.2,0.0,48,52.33721677688264,66.0
C_ML,Mali,CAF,True,True,1786.435014047278,52.344017233278,64.08914022090451,0.0,0.4722222222222222,,,,0.2193772581123613,,,,True,False,False,False,True,True,4,,SPARSE,0.2711377093771372,0.2996971572953313,0.3169986125803076,0.5965165769103273,0.5259500392963173,0.2711377093771372,0.5,0.5,0.0462521827406729,0.1220119692197117,0.1051900078592634,0.1193033153820654,0.0069378274111009,0.5965165769103273,0.4034834230896726,0.2,0.0,49,58.38450318623109,46.0
C_BF,Burkina Faso,CAF,True,True,1786.435014047278,56.843224132795214,65.10206686308234,0.0,0.7435897435897436,,,,0.23567135118752652,,,,True,False,False,False,True,True,4,,SPARSE,0.2711377093771372,0.2996971572953313,0.3169986125803076,0.5965165769103273,0.5259500392963173,0.2711377093771372,0.5,0.5,0.0462521827406729,0.1220119692197117,0.1051900078592634,0.1193033153820654,0.0069378274111009,0.5965165769103273,0.4034834230896726,0.2,0.0,50,64.43732331544038,32.0
C_CD,DR Congo,CAF,True,True,1786.435014047278,47.56915612307507,66.99977388142683,0.0,0.6,,,,0.21405399132334219,,,,True,False,False,False,True,True,4,,SPARSE,0.2711377093771372,0.2996971572953313,0.3169986125803076,0.5965165769103273,0.5259500392963173,0.2711377093771372,0.5,0.5,0.0462521827406729,0.1220119692197117,0.1051900078592634,0.1193033153820654,0.0069378274111009,0.5965165769103273,0.4034834230896726,0.2,0.0,51,59.61441682781449,43.0
C_CV,Cape Verde,CAF,True,True,1786.435014047278,44.48503958393353,55.32761098762319,0.0,0.4722222222222222,,,,0.21777744697857812,,,,True,False,False,False,True,True,4,,SPARSE,0.2711377093771372,0.2996971572953313,0.3169986125803076,0.5965165769103273,0.5259500392963173,0.2711377093771372,0.5,0.5,0.0462521827406729,0.1220119692197117,0.1051900078592634,0.1193033153820654,0.0069378274111009,0.5965165769103273,0.4034834230896726,0.2,0.0,52,53.39364693947933,62.0
C_UG,Uganda,CAF,True,True,1786.435014047278,39.91342278674178,38.07117644121144,0.0,0.4242424242424242,,,,0.3148318646177547,,,,True,False,False,False,True,True,4,,SPARSE,0.2711377093771372,0.2996971572953313,0.3169986125803076,0.5965165769103273,0.5259500392963173,0.2711377093771372,0.5,0.5,0.0462521827406729,0.1220119692197117,0.1051900078592634,0.1193033153820654,0.0069378274111009,0.5965165769103273,0.4034834230896726,0.2,0.0,53,48.34093833279174,83.0
C_BJ,Benin,CAF,True,True,1786.435014047278,41.42928112115281,40.32609624117504,0.0,0.5,,,,0.2657852538981509,,,,True,False,False,False,True,True,4,,SPARSE,0.2711377093771372,0.2996971572953313,0.3169986125803076,0.5965165769103273,0.5259500392963173,0.2711377093771372,0.5,0.5,0.0462521827406729,0.1220119692197117,0.1051900078592634,0.1193033153820654,0.0069378274111009,0.5965165769103273,0.4034834230896726,0.2,0.0,54,49.49773381558886,75.0
C_MZ,Mozambique,CAF,True,True,1786.435014047278,41.37335681447484,28.032954723292097,0.0,0.303030303030303,,,,0.1967073083786371,,,,True,False,False,False,True,True,4,,SPARSE,0.2711377093771372,0.2996971572953313,0.3169986125803076,0.5965165769103273,0.5259500392963173,0.2711377093771372,0.5,0.5,0.0462521827406729,0.1220119692197117,0.1051900078592634,0.1193033153820654,0.0069378274111009,0.5965165769103273,0.4034834230896726,0.2,0.0,55,41.33539093017429,108.0
C_GQ,Equatorial Guinea,CAF,True,True,1786.435014047278,34.221428457450955,33.67895274888399,0.0,0.25,,,,0.2018002308701208,,,,True,False,False,False,True,True,4,,SPARSE,0.2711377093771372,0.2996971572953313,0.3169986125803076,0.5965165769103273,0.5259500392963173,0.2711377093771372,0.5,0.5,0.0462521827406729,0.1220119692197117,0.1051900078592634,0.1193033153820654,0.0069378274111009,0.5965165769103273,0.4034834230896726,0.2,0.0,56,40.20980521566865,110.0
C_AO,Angola,CAF,True,True,1786.435014047278,41.94682046370039,52.0368215856036,0.0,0.3703703703703703,,,,0.21492259787038973,,,,True,False,False,False,True,True,4,,SPARSE,0.2711377093771372,0.2996971572953313,0.3169986125803076,0.5965165769103273,0.5259500392963173,0.2711377093771372,0.5,0.5,0.0462521827406729,0.1220119692197117,0.1051900078592634,0.1193033153820654,0.0069378274111009,0.5965165769103273,0.4034834230896726,0.2,0.0,57,50.0737475375451,72.0
C_GA,Gabon,CAF,True,True,1786.435014047278,48.02902116279229,28.04688161880181,0.0,0.3888888888888889,,,,0.2325983872594491,,,,True,False,False,False,True,True,4,,SPARSE,0.2711377093771372,0.2996971572953313,0.3169986125803076,0.5965165769103273,0.5259500392963173,0.2711377093771372,0.5,0.5,0.0462521827406729,0.1220119692197117,0.1051900078592634,0.1193033153820654,0.0069378274111009,0.5965165769103273,0.4034834230896726,0.2,0.0,58,45.40617345688867,95.0
C_FJ,Fiji,OFC,True,True,1500.0,44.17314752673166,20.083523070987468,0.0,0.0,,,,0.35,,,,False,False,False,False,True,True,4,,SPARSE,0.2711377093771372,0.2996971572953313,0.3169986125803076,0.5965165769103273,0.5259500392963173,0.2711377093771372,0.5,0.5,0.0462521827406729,0.1220119692197117,0.1051900078592634,0.1193033153820654,0.0069378274111009,0.5965165769103273,0.4034834230896726,0.2,0.0,59,26.75934626390366,128.0
C_TJ,Tajikistan,AFC,True,True,1670.5720048109026,52.12177544459511,49.4130532829938,0.0,0.8666666666666667,,,,0.3397727272727273,,,,True,False,False,False,True,True,4,,SPARSE,0.2711377093771372,0.2996971572953313,0.3169986125803076,0.5965165769103273,0.5259500392963173,0.2711377093771372,0.5,0.5,0.0462521827406729,0.1220119692197117,0.1051900078592634,0.1193033153820654,0.0069378274111009,0.5965165769103273,0.4034834230896726,0.2,0.0,60,54.66554662053761,58.0
C_NZ,New Zealand,OFC,True,True,1500.0,40.59255395822717,44.16629184563321,0.0,0.2564102564102564,,,,0.3252035711459939,,,,False,False,False,False,True,True,4,,SPARSE,0.2711377093771372,0.2996971572953313,0.3169986125803076,0.5965165769103273,0.5259500392963173,0.2711377093771372,0.5,0.5,0.0462521827406729,0.1220119692197117,0.1051900078592634,0.1193033153820654,0.0069378274111009,0.5965165769103273,0.4034834230896726,0.2,0.0,61,28.686152373100764,127.0
C_SB,Solomon Islands,OFC,True,True,1500.0,45.63221800106149,19.7425803943027,0.0,0.0,,,,0.5,,,,False,False,False,False,True,True,4,,SPARSE,0.2711377093771372,0.2996971572953313,0.3169986125803076,0.5965165769103273,0.5259500392963173,0.2711377093771372,0.5,0.5,0.0462521827406729,0.1220119692197117,0.1051900078592634,0.1193033153820654,0.0069378274111009,0.5965165769103273,0.4034834230896726,0.2,0.0,62,30.446665921728584,124.0
C_SY,Syria,AFC,True,True,1670.5720048109026,48.5419005434702,44.073272256645225,0.0,0.6363636363636364,,,,0.3024186890888733,,,,True,False,False,False,True,True,4,,SPARSE,0.2711377093771372,0.2996971572953313,0.3169986125803076,0.5965165769103273,0.5259500392963173,0.2711377093771372,0.5,0.5,0.0462521827406729,0.1220119692197117,0.1051900078592634,0.1193033153820654,0.0069378274111009,0.5965165769103273,0.4034834230896726,0.2,0.0,63,47.73807226581295,85.0
C_PS,Palestine,AFC,True,True,1670.5720048109026,39.77241035489177,36.84461856573319,0.0,0.4166666666666667,,,,0.2377125206994284,,,,True,False,False,False,True,True,4,,SPARSE,0.2711377093771372,0.2996971572953313,0.3169986125803076,0.5965165769103273,0.5259500392963173,0.2711377093771372,0.5,0.5,0.0462521827406729,0.1220119692197117,0.1051900078592634,0.1193033153820654,0.0069378274111009,0.5965165769103273,0.4034834230896726,0.2,0.0,64,38.24679399039861,115.0
C_KP,North Korea,AFC,True,True,1670.5720048109026,36.76220638925757,21.24796194850832,0.0,0.1666666666666666,,,,0.2510753387384399,,,,True,False,False,False,True,True,4,,SPARSE,0.2711377093771372,0.2996971572953313,0.3169986125803076,0.5965165769103273,0.5259500392963173,0.2711377093771372,0.5,0.5,0.0462521827406729,0.1220119692197117,0.1051900078592634,0.1193033153820654,0.0069378274111009,0.5965165769103273,0.4034834230896726,0.2,0.0,65,29.271671262560005,126.0
C_KW,Kuwait,AFC,True,True,1670.5720048109026,39.266495425764816,26.091596588970106,0.0,0.3,,,,0.5,,,,True,False,False,False,True,True,4,,SPARSE,0.2711377093771372,0.2996971572953313,0.3169986125803076,0.5965165769103273,0.5259500392963173,0.2711377093771372,0.5,0.5,0.0462521827406729,0.1220119692197117,0.1051900078592634,0.1193033153820654,0.0069378274111009,0.5965165769103273,0.4034834230896726,0.2,0.0,66,39.01575995579255,112.0
C_LB,Lebanon,AFC,True,True,1670.5720048109026,39.20339694982783,47.43178707731565,0.0,0.5714285714285714,,,,0.33092123785149924,,,,True,False,False,False,True,True,4,,SPARSE,0.2711377093771372,0.2996971572953313,0.3169986125803076,0.5965165769103273,0.5259500392963173,0.2711377093771372,0.5,0.5,0.0462521827406729,0.1220119692197117,0.1051900078592634,0.1193033153820654,0.0069378274111009,0.5965165769103273,0.4034834230896726,0.2,0.0,67,45.62460796237177,93.0
C_ID,Indonesia,AFC,True,True,1670.5720048109026,43.033950924139845,33.08260046224046,0.0,0.4166666666666667,,,,0.2515518281199342,,,,True,False,False,False,True,True,4,,SPARSE,0.2711377093771372,0.2996971572953313,0.3169986125803076,0.5965165769103273,0.5259500392963173,0.2711377093771372,0.5,0.5,0.0462521827406729,0.1220119692197117,0.1051900078592634,0.1193033153820654,0.0069378274111009,0.5965165769103273,0.4034834230896726,0.2,0.0,68,38.407030499495065,114.0
C_TH,Thailand,AFC,True,True,1670.5720048109026,56.0746284511678,45.68412703719237,0.0,0.7142857142857143,,,,0.33048259339451946,,,,True,False,False,False,True,True,4,,SPARSE,0.2711377093771372,0.2996971572953313,0.3169986125803076,0.5965165769103273,0.5259500392963173,0.2711377093771372,0.5,0.5,0.0462521827406729,0.1220119692197117,0.1051900078592634,0.1193033153820654,0.0069378274111009,0.5965165769103273,0.4034834230896726,0.2,0.0,69,52.25310781036736,67.0
C_VN,Vietnam,AFC,True,True,1670.5720048109026,56.10569915467328,48.007970970028005,0.0,0.8,,,,0.3414893617021276,,,,True,False,False,False,True,True,4,,SPARSE,0.2711377093771372,0.2996971572953313,0.3169986125803076,0.5965165769103273,0.5259500392963173,0.2711377093771372,0.5,0.5,0.0462521827406729,0.1220119692197117,0.1051900078592634,0.1193033153820654,0.0069378274111009,0.5965165769103273,0.4034834230896726,0.2,0.0,70,54.47899296463382,60.0
C_BH,Bahrain,AFC,True,True,1670.5720048109026,37.02154302689683,34.112485837274086,0.0,0.2333333333333333,,,,0.35,,,,True,False,False,False,True,True,4,,SPARSE,0.2711377093771372,0.2996971572953313,0.3169986125803076,0.5965165769103273,0.5259500392963173,0.2711377093771372,0.5,0.5,0.0462521827406729,0.1220119692197117,0.1051900078592634,0.1193033153820654,0.0069378274111009,0.5965165769103273,0.4034834230896726,0.2,0.0,71,36.39000392216583,118.0
C_KG,Kyrgyzstan,AFC,True,True,1670.5720048109026,38.52627900363039,15.107211554588773,0.0,0.1666666666666666,,,,0.3421840911619991,,,,True,False,False,False,True,True,4,,SPARSE,0.2711377093771372,0.2996971572953313,0.3169986125803076,0.5965165769103273,0.5259500392963173,0.2711377093771372,0.5,0.5,0.0462521827406729,0.1220119692197117,0.1051900078592634,0.1193033153820654,0.0069378274111009,0.5965165769103273,0.4034834230896726,0.2,0.0,72,30.00402317317687,125.0
C_OM,Oman,AFC,True,True,1670.5720048109026,38.58525804629643,48.72600978976707,0.0,0.3333333333333333,,,,0.34900000000000003,,,,True,False,False,False,True,True,4,,SPARSE,0.2711377093771372,0.2996971572953313,0.3169986125803076,0.5965165769103273,0.5259500392963173,0.2711377093771372,0.5,0.5,0.0462521827406729,0.1220119692197117,0.1051900078592634,0.1193033153820654,0.0069378274111009,0.5965165769103273,0.4034834230896726,0.2,0.0,73,42.68123100667205,105.0
C_JO,Jordan,AFC,True,True,1670.5720048109026,48.94848050525616,47.38529655288016,0.0,0.4736842105263157,,,,0.34889222504461187,,,,True,False,False,False,True,True,4,,SPARSE,0.2711377093771372,0.2996971572953313,0.3169986125803076,0.5965165769103273,0.5259500392963173,0.2711377093771372,0.5,0.5,0.0462521827406729,0.1220119692197117,0.1051900078592634,0.1193033153820654,0.0069378274111009,0.5965165769103273,0.4034834230896726,0.2,0.0,74,47.46085480702382,89.0
C_UZ,Uzbekistan,AFC,True,True,1670.5720048109026,45.321981833498,58.20666438980386,0.0,0.5277777777777778,,,,0.2691610075342923,,,,True,False,False,False,True,True,4,,SPARSE,0.2711377093771372,0.2996971572953313,0.3169986125803076,0.5965165769103273,0.5259500392963173,0.2711377093771372,0.5,0.5,0.0462521827406729,0.1220119692197117,0.1051900078592634,0.1193033153820654,0.0069378274111009,0.5965165769103273,0.4034834230896726,0.2,0.0,75,48.62943990041573,81.0
C_IQ,Iraq,AFC,True,True,1670.5720048109026,44.24953724603882,51.76850118410077,0.0,0.6041666666666666,,,,0.3081125281474018,,,,True,False,False,False,True,True,4,,SPARSE,0.2711377093771372,0.2996971572953313,0.3169986125803076,0.5965165769103273,0.5259500392963173,0.2711377093771372,0.5,0.5,0.0462521827406729,0.1220119692197117,0.1051900078592634,0.1193033153820654,0.0069378274111009,0.5965165769103273,0.4034834230896726,0.2,0.0,76,48.39993902946792,82.0
C_LY,Libya,CAF,True,True,1786.435014047278,43.019077889556186,53.70634307697212,0.0,0.5833333333333334,,,,0.32553347348451994,,,,True,False,False,False,True,True,4,,SPARSE,0.2711377093771372,0.2996971572953313,0.3169986125803076,0.5965165769103273,0.5259500392963173,0.2711377093771372,0.5,0.5,0.0462521827406729,0.1220119692197117,0.1051900078592634,0.1193033153820654,0.0069378274111009,0.5965165769103273,0.4034834230896726,0.2,0.0,77,56.53893505782654,51.0
C_KE,Kenya,CAF,True,True,1786.435014047278,43.8917381262227,36.17677390389895,0.0,0.5185185185185185,,,,0.24921178460522064,,,,True,False,False,False,True,True,4,,SPARSE,0.2711377093771372,0.2996971572953313,0.3169986125803076,0.5965165769103273,0.5259500392963173,0.2711377093771372,0.5,0.5,0.0462521827406729,0.1220119692197117,0.1051900078592634,0.1193033153820654,0.0069378274111009,0.5965165769103273,0.4034834230896726,0.2,0.0,78,48.90029474588895,79.0
C_NA,Namibia,CAF,True,True,1786.435014047278,32.84523453878701,34.31373153537806,0.0,0.1666666666666666,,,,0.5,,,,True,False,False,False,True,True,4,,SPARSE,0.2711377093771372,0.2996971572953313,0.3169986125803076,0.5965165769103273,0.5259500392963173,0.2711377093771372,0.5,0.5,0.0462521827406729,0.1220119692197117,0.1051900078592634,0.1193033153820654,0.0069378274111009,0.5965165769103273,0.4034834230896726,0.2,0.0,79,45.41424479249391,94.0
C_TZ,Tanzania,CAF,True,True,1786.435014047278,34.06242165735977,43.12128502984294,0.0,0.1944444444444444,,,,0.30016395972335075,,,,True,False,False,False,True,True,4,,SPARSE,0.2711377093771372,0.2996971572953313,0.3169986125803076,0.5965165769103273,0.5259500392963173,0.2711377093771372,0.5,0.5,0.0462521827406729,0.1220119692197117,0.1051900078592634,0.1193033153820654,0.0069378274111009,0.5965165769103273,0.4034834230896726,0.2,0.0,80,44.34870344621401,100.0
C_HN,Honduras,CONCACAF,True,True,1775.3720775589434,47.42744647451585,40.79223512085599,0.0,0.5476190476190477,,,,0.291973128353464,,,,True,False,False,False,True,True,4,,SPARSE,0.2711377093771372,0.2996971572953313,0.3169986125803076,0.5965165769103273,0.5259500392963173,0.2711377093771372,0.5,0.5,0.0462521827406729,0.1220119692197117,0.1051900078592634,0.1193033153820654,0.0069378274111009,0.5965165769103273,0.4034834230896726,0.2,0.0,81,51.97087551637881,68.0
C_TN,Tunisia,CAF,True,True,1786.435014047278,49.40365658671596,60.74858326797816,0.0,0.55,,,,0.22428273364089008,,,,True,False,False,False,True,True,4,,SPARSE,0.2711377093771372,0.2996971572953313,0.3169986125803076,0.5965165769103273,0.5259500392963173,0.2711377093771372,0.5,0.5,0.0462521827406729,0.1220119692197117,0.1051900078592634,0.1193033153820654,0.0069378274111009,0.5965165769103273,0.4034834230896726,0.2,0.0,82,57.78105128286,48.0
C_LU,Luxembourg,UEFA,True,True,1868.6854649196632,32.08484336312178,23.107757844506168,0.0,0.0416666666666666,,,,0.2570268817782704,,,,True,False,False,False,True,True,4,,SPARSE,0.2711377093771372,0.2996971572953313,0.3169986125803076,0.5965165769103273,0.5259500392963173,0.2711377093771372,0.5,0.5,0.0462521827406729,0.1220119692197117,0.1051900078592634,0.1193033153820654,0.0069378274111009,0.5965165769103273,0.4034834230896726,0.2,0.0,83,40.12260129306273,111.0
C_BG,Bulgaria,UEFA,True,True,1868.6854649196632,43.9826567751541,29.42965617321312,0.0,0.3333333333333333,,,,0.2370966755479761,,,,True,False,False,False,True,True,4,,SPARSE,0.2711377093771372,0.2996971572953313,0.3169986125803076,0.5965165769103273,0.5259500392963173,0.2711377093771372,0.5,0.5,0.0462521827406729,0.1220119692197117,0.1051900078592634,0.1193033153820654,0.0069378274111009,0.5965165769103273,0.4034834230896726,0.2,0.0,84,49.45656329083702,76.0
C_BY,Belarus,UEFA,True,True,1868.6854649196632,41.47746069279199,29.63848439055445,0.0,0.3666666666666666,,,,0.2449286934603301,,,,True,False,False,False,True,True,4,,SPARSE,0.2711377093771372,0.2996971572953313,0.3169986125803076,0.5965165769103273,0.5259500392963173,0.2711377093771372,0.5,0.5,0.0462521827406729,0.1220119692197117,0.1051900078592634,0.1193033153820654,0.0069378274111009,0.5965165769103273,0.4034834230896726,0.2,0.0,85,49.4439524018529,77.0
C_AM,Armenia,UEFA,True,True,1868.6854649196632,42.33442235468579,18.18565465660234,0.0,0.1481481481481481,,,,0.2715679428666385,,,,True,False,False,False,True,True,4,,SPARSE,0.2711377093771372,0.2996971572953313,0.3169986125803076,0.5965165769103273,0.5259500392963173,0.2711377093771372,0.5,0.5,0.0462521827406729,0.1220119692197117,0.1051900078592634,0.1193033153820654,0.0069378274111009,0.5965165769103273,0.4034834230896726,0.2,0.0,86,43.623291574454726,101.0
C_GE,Georgia,UEFA,True,True,1868.6854649196632,58.4841560232761,40.68415486396339,0.0,0.3666666666666666,,,,0.2555863893535131,,,,True,False,False,False,True,True,4,,SPARSE,0.2711377093771372,0.2996971572953313,0.3169986125803076,0.5965165769103273,0.5259500392963173,0.2711377093771372,0.5,0.5,0.0462521827406729,0.1220119692197117,0.1051900078592634,0.1193033153820654,0.0069378274111009,0.5965165769103273,0.4034834230896726,0.2,0.0,87,58.0455303031987,47.0
C_AL,Albania,UEFA,True,True,1868.6854649196632,50.77506479191401,57.01734445125793,0.0,0.5666666666666667,,,,0.25831183128395263,,,,True,False,False,False,True,True,4,,SPARSE,0.2711377093771372,0.2996971572953313,0.3169986125803076,0.5965165769103273,0.5259500392963173,0.2711377093771372,0.5,0.5,0.0462521827406729,0.1220119692197117,0.1051900078592634,0.1193033153820654,0.0069378274111009,0.5965165769103273,0.4034834230896726,0.2,0.0,88,63.65888773962424,34.0
C_MK,North Macedonia,UEFA,True,True,1868.6854649196632,48.04821514626769,45.56320291922215,0.0,0.3666666666666666,,,,0.24985336819759404,,,,True,False,False,False,True,True,4,,SPARSE,0.2711377093771372,0.2996971572953313,0.3169986125803076,0.5965165769103273,0.5259500392963173,0.2711377093771372,0.5,0.5,0.0462521827406729,0.1220119692197117,0.1051900078592634,0.1193033153820654,0.0069378274111009,0.5965165769103273,0.4034834230896726,0.2,0.0,89,56.26066022263664,52.0
C_ME,Montenegro,UEFA,True,True,1868.6854649196632,46.77250666899671,31.480205388754545,0.0,0.3333333333333333,,,,0.2643032150144353,,,,True,False,False,False,True,True,4,,SPARSE,0.2711377093771372,0.2996971572953313,0.3169986125803076,0.5965165769103273,0.5259500392963173,0.2711377093771372,0.5,0.5,0.0462521827406729,0.1220119692197117,0.1051900078592634,0.1193033153820654,0.0069378274111009,0.5965165769103273,0.4034834230896726,0.2,0.0,90,51.50796830439822,70.0
C_BA,Bosnia and Herzegovina,UEFA,True,True,1868.6854649196632,52.14828725887018,44.24591637870827,0.0,0.4871794871794871,,,,0.25167276220592716,,,,True,False,False,False,True,True,4,,SPARSE,0.2711377093771372,0.2996971572953313,0.3169986125803076,0.5965165769103273,0.5259500392963173,0.2711377093771372,0.5,0.5,0.0462521827406729,0.1220119692197117,0.1051900078592634,0.1193033153820654,0.0069378274111009,0.5965165769103273,0.4034834230896726,0.2,0.0,91,58.92740466729828,45.0
C_IS,Iceland,UEFA,True,True,1868.6854649196632,54.634391303274285,26.062860316714094,0.0,0.3636363636363636,,,,0.2575452495939246,,,,True,False,False,False,True,True,4,,SPARSE,0.2711377093771372,0.2996971572953313,0.3169986125803076,0.5965165769103273,0.5259500392963173,0.2711377093771372,0.5,0.5,0.0462521827406729,0.1220119692197117,0.1051900078592634,0.1193033153820654,0.0069378274111009,0.5965165769103273,0.4034834230896726,0.2,0.0,92,52.53736730085321,64.0
C_FI,Finland,UEFA,True,True,1868.6854649196632,47.818990463099816,41.1930751222238,0.0,0.4333333333333333,,,,0.24370840826899343,,,,True,False,False,False,True,True,4,,SPARSE,0.2711377093771372,0.2996971572953313,0.3169986125803076,0.5965165769103273,0.5259500392963173,0.2711377093771372,0.5,0.5,0.0462521827406729,0.1220119692197117,0.1051900078592634,0.1193033153820654,0.0069378274111009,0.5965165769103273,0.4034834230896726,0.2,0.0,93,55.745820809826895,54.0
C_GR,Greece,UEFA,True,True,1868.6854649196632,66.73809025028305,61.65160002733106,0.0,0.4666666666666667,,,,0.2367102587001241,,,,True,False,False,False,True,True,4,,SPARSE,0.2711377093771372,0.2996971572953313,0.3169986125803076,0.5965165769103273,0.5259500392963173,0.2711377093771372,0.5,0.5,0.0462521827406729,0.1220119692197117,0.1051900078592634,0.1193033153820654,0.0069378274111009,0.5965165769103273,0.4034834230896726,0.2,0.0,94,67.82591035355698,28.0
C_SI,Slovenia,UEFA,True,True,1868.6854649196632,50.29531811642848,61.70009109015919,0.0,0.4333333333333333,,,,0.24840038301200815,,,,True,False,False,False,True,True,4,,SPARSE,0.2711377093771372,0.2996971572953313,0.3169986125803076,0.5965165769103273,0.5259500392963173,0.2711377093771372,0.5,0.5,0.0462521827406729,0.1220119692197117,0.1051900078592634,0.1193033153820654,0.0069378274111009,0.5965165769103273,0.4034834230896726,0.2,0.0,95,62.70277476015804,36.0
C_SK,Slovakia,UEFA,True,True,1868.6854649196632,52.855564309033845,50.89778234360614,0.0,0.5,,,,0.25307728925772105,,,,True,False,False,False,True,True,4,,SPARSE,0.2711377093771372,0.2996971572953313,0.3169986125803076,0.5965165769103273,0.5259500392963173,0.2711377093771372,0.5,0.5,0.0462521827406729,0.1220119692197117,0.1051900078592634,0.1193033153820654,0.0069378274111009,0.5965165769103273,0.4034834230896726,0.2,0.0,96,61.343906190899766,39.0
C_RO,Romania,UEFA,True,True,1868.6854649196632,56.7495661656915,57.84130830642138,0.0,0.4333333333333333,,,,0.31019148177356987,,,,True,False,False,False,True,True,4,,SPARSE,0.2711377093771372,0.2996971572953313,0.3169986125803076,0.5965165769103273,0.5259500392963173,0.2711377093771372,0.5,0.5,0.0462521827406729,0.1220119692197117,0.1051900078592634,0.1193033153820654,0.0069378274111009,0.5965165769103273,0.4034834230896726,0.2,0.0,97,64.85820002068186,31.0
C_IE,Republic of Ireland,UEFA,True,True,1868.6854649196632,48.59197686877766,52.26087021321148,0.0,0.4666666666666667,,,,0.2231188138678593,,,,True,False,False,False,True,True,4,,SPARSE,0.2711377093771372,0.2996971572953313,0.3169986125803076,0.5965165769103273,0.5259500392963173,0.2711377093771372,0.5,0.5,0.0462521827406729,0.1220119692197117,0.1051900078592634,0.1193033153820654,0.0069378274111009,0.5965165769103273,0.4034834230896726,0.2,0.0,98,59.31242754673814,44.0
C_TR,Turkey,UEFA,True,True,1868.6854649196632,58.738462080563615,60.110492385119066,0.0,0.6410256410256411,,,,0.2724373457044998,,,,True,False,False,False,True,True,4,,SPARSE,0.2711377093771372,0.2996971572953313,0.3169986125803076,0.5965165769103273,0.5259500392963173,0.2711377093771372,0.5,0.5,0.0462521827406729,0.1220119692197117,0.1051900078592634,0.1193033153820654,0.0069378274111009,0.5965165769103273,0.4034834230896726,0.2,0.0,99,68.37946302969937,26.0
C_HU,Hungary,UEFA,True,True,1868.6854649196632,54.52393557844396,56.827559314181705,0.0,0.5,,,,0.2556222453277564,,,,True,False,False,False,True,True,4,,SPARSE,0.2711377093771372,0.2996971572953313,0.3169986125803076,0.5965165769103273,0.5259500392963173,0.2711377093771372,0.5,0.5,0.0462521827406729,0.1220119692197117,0.1051900078592634,0.1193033153820654,0.0069378274111009,0.5965165769103273,0.4034834230896726,0.2,0.0,100,63.66605282692792,33.0
C_RS,Serbia,UEFA,True,True,1868.6854649196632,62.72027937305864,60.57710935971157,0.0,0.5333333333333333,,,,0.2805719168249403,,,,True,False,False,False,True,True,4,,SPARSE,0.2711377093771372,0.2996971572953313,0.3169986125803076,0.5965165769103273,0.5259500392963173,0.2711377093771372,0.5,0.5,0.0462521827406729,0.1220119692197117,0.1051900078592634,0.1193033153820654,0.0069378274111009,0.5965165769103273,0.4034834230896726,0.2,0.0,101,68.28224607353678,27.0
C_AT,Austria,UEFA,True,True,1868.6854649196632,71.48511145151575,74.05091880933811,0.0,0.717948717948718,,,,0.2823705865187081,,,,True,False,False,False,True,True,4,,SPARSE,0.2711377093771372,0.2996971572953313,0.3169986125803076,0.5965165769103273,0.5259500392963173,0.2711377093771372,0.5,0.5,0.0462521827406729,0.1220119692197117,0.1051900078592634,0.1193033153820654,0.0069378274111009,0.5965165769103273,0.4034834230896726,0.2,0.0,102,77.70446413894649,13.0
C_CH,Switzerland,UEFA,True,True,1868.6854649196632,67.8883540171247,70.39998161562735,0.0,0.6153846153846154,,,,0.2804393716812539,,,,True,False,False,False,True,True,4,,SPARSE,0.2711377093771372,0.2996971572953313,0.3169986125803076,0.5965165769103273,0.5259500392963173,0.2711377093771372,0.5,0.5,0.0462521827406729,0.1220119692197117,0.1051900078592634,0.1193033153820654,0.0069378274111009,0.5965165769103273,0.4034834230896726,0.2,0.0,103,73.97164582621743,18.0
C_HR,Croatia,UEFA,True,True,1868.6854649196632,69.67931544005195,72.94288704893727,0.0,0.717948717948718,,,,0.26613575366756526,,,,True,False,False,False,True,True,4,,SPARSE,0.2711377093771372,0.2996971572953313,0.3169986125803076,0.5965165769103273,0.5259500392963173,0.2711377093771372,0.5,0.5,0.0462521827406729,0.1220119692197117,0.1051900078592634,0.1193033153820654,0.0069378274111009,0.5965165769103273,0.4034834230896726,0.2,0.0,104,76.47275461544633,16.0
C_XK,Kosovo,UEFA,True,True,1868.6854649196632,60.59973708967101,56.881706352978654,0.0,0.6666666666666666,,,,0.28991188594620465,,,,True,False,False,False,True,True,4,,SPARSE,0.2711377093771372,0.2996971572953313,0.3169986125803076,0.5965165769103273,0.5259500392963173,0.2711377093771372,0.5,0.5,0.0462521827406729,0.1220119692197117,0.1051900078592634,0.1193033153820654,0.0069378274111009,0.5965165769103273,0.4034834230896726,0.2,0.0,105,68.74471223086277,25.0
C_EE,Estonia,UEFA,True,True,1868.6854649196632,37.95017508950944,30.83687965719416,0.0,0.2,,,,0.2934521034414525,,,,True,False,False,False,True,True,4,,SPARSE,0.2711377093771372,0.2996971572953313,0.3169986125803076,0.5965165769103273,0.5259500392963173,0.2711377093771372,0.5,0.5,0.0462521827406729,0.1220119692197117,0.1051900078592634,0.1193033153820654,0.0069378274111009,0.5965165769103273,0.4034834230896726,0.2,0.0,106,47.350189457573386,90.0
C_DZ,Algeria,CAF,True,True,1786.435014047278,71.8093192779244,69.42161256418453,0.0,0.7101449275362319,,,,0.242799886788389,,,,True,False,False,False,True,True,4,,SPARSE,0.2711377093771372,0.2996971572953313,0.3169986125803076,0.5965165769103273,0.5259500392963173,0.2711377093771372,0.5,0.5,0.0462521827406729,0.1220119692197117,0.1051900078592634,0.1193033153820654,0.0069378274111009,0.5965165769103273,0.4034834230896726,0.2,0.0,107,69.84781280305883,21.0
C_LV,Latvia,UEFA,True,True,1868.6854649196632,34.744762718162455,28.424362060887503,0.0,0.1666666666666666,,,,0.2868853204858602,,,,True,False,False,False,True,True,4,,SPARSE,0.2711377093771372,0.2996971572953313,0.3169986125803076,0.5965165769103273,0.5259500392963173,0.2711377093771372,0.5,0.5,0.0462521827406729,0.1220119692197117,0.1051900078592634,0.1193033153820654,0.0069378274111009,0.5965165769103273,0.4034834230896726,0.2,0.0,108,45.0315949273991,98.0
C_SN,Senegal,CAF,True,True,1786.435014047278,72.76857821456493,76.86933302480229,0.0,0.7333333333333333,,,,0.2536612757912023,,,,True,False,False,False,True,True,4,,SPARSE,0.2711377093771372,0.2996971572953313,0.3169986125803076,0.5965165769103273,0.5259500392963173,0.2711377093771372,0.5,0.5,0.0462521827406729,0.1220119692197117,0.1051900078592634,0.1193033153820654,0.0069378274111009,0.5965165769103273,0.4034834230896726,0.2,0.0,109,72.9427096407834,20.0
C_MA,Morocco,CAF,True,True,1786.435014047278,75.66851566546303,77.79077398711728,0.0,0.8205128205128205,,,,0.24587991593838082,,,,True,False,False,False,True,True,4,,SPARSE,0.2711377093771372,0.2996971572953313,0.3169986125803076,0.5965165769103273,0.5259500392963173,0.2711377093771372,0.5,0.5,0.0462521827406729,0.1220119692197117,0.1051900078592634,0.1193033153820654,0.0069378274111009,0.5965165769103273,0.4034834230896726,0.2,0.0,110,75.20753492047683,17.0
C_SR,Suriname,CONCACAF,True,True,1775.3720775589434,49.4998418361662,42.96440130352829,0.0,0.3888888888888889,,,,0.22103521808810123,,,,True,False,False,False,True,True,4,,SPARSE,0.2711377093771372,0.2996971572953313,0.3169986125803076,0.5965165769103273,0.5259500392963173,0.2711377093771372,0.5,0.5,0.0462521827406729,0.1220119692197117,0.1051900078592634,0.1193033153820654,0.0069378274111009,0.5965165769103273,0.4034834230896726,0.2,0.0,111,49.28403451855577,78.0
C_DO,Dominican Republic,CONCACAF,True,True,1775.3720775589434,53.77828972046661,35.42065489188332,0.0,0.303030303030303,,,,0.3012200934035946,,,,True,False,False,False,True,True,4,,SPARSE,0.2711377093771372,0.2996971572953313,0.3169986125803076,0.5965165769103273,0.5259500392963173,0.2711377093771372,0.5,0.5,0.0462521827406729,0.1220119692197117,0.1051900078592634,0.1193033153820654,0.0069378274111009,0.5965165769103273,0.4034834230896726,0.2,0.0,112,48.823612610943385,80.0
C_CU,Cuba,CONCACAF,True,True,1775.3720775589434,39.34419121006626,26.67977958631573,0.0,0.4074074074074074,,,,0.262666225780489,,,,True,False,False,False,True,True,4,,SPARSE,0.2711377093771372,0.2996971572953313,0.3169986125803076,0.5965165769103273,0.5259500392963173,0.2711377093771372,0.5,0.5,0.0462521827406729,0.1220119692197117,0.1051900078592634,0.1193033153820654,0.0069378274111009,0.5965165769103273,0.4034834230896726,0.2,0.0,113,42.60828375220573,106.0
C_NI,Nicaragua,CONCACAF,True,True,1775.3720775589434,38.947859861504725,32.930623983464166,0.0,0.2592592592592592,,,,0.32607579090018646,,,,True,False,False,False,True,True,4,,SPARSE,0.2711377093771372,0.2996971572953313,0.3169986125803076,0.5965165769103273,0.5259500392963173,0.2711377093771372,0.5,0.5,0.0462521827406729,0.1220119692197117,0.1051900078592634,0.1193033153820654,0.0069378274111009,0.5965165769103273,0.4034834230896726,0.2,0.0,114,43.56314389712141,102.0
C_CW,Curacao,CONCACAF,True,True,1775.3720775589434,22.8575111316221,25.80804423518929,0.0,0.4791666666666667,,,,0.21951731568660088,,,,True,False,False,False,True,True,4,,SPARSE,0.2711377093771372,0.2996971572953313,0.3169986125803076,0.5965165769103273,0.5259500392963173,0.2711377093771372,0.5,0.5,0.0462521827406729,0.1220119692197117,0.1051900078592634,0.1193033153820654,0.0069378274111009,0.5965165769103273,0.4034834230896726,0.2,0.0,115,37.53808655393416,117.0
C_HT,Haiti,CONCACAF,True,True,1775.3720775589434,56.21536200189132,44.8312483473912,0.0,0.3958333333333333,,,,0.26533639997704006,,,,True,False,False,False,True,True,4,,SPARSE,0.2711377093771372,0.2996971572953313,0.3169986125803076,0.5965165769103273,0.5259500392963173,0.2711377093771372,0.5,0.5,0.0462521827406729,0.1220119692197117,0.1051900078592634,0.1193033153820654,0.0069378274111009,0.5965165769103273,0.4034834230896726,0.2,0.0,116,52.93678599401503,63.0
C_TT,Trinidad and Tobago,CONCACAF,True,True,1775.3720775589434,45.367599972598846,24.03130427208988,0.0,0.3095238095238095,,,,0.2904242576887922,,,,True,False,False,False,True,True,4,,SPARSE,0.2711377093771372,0.2996971572953313,0.3169986125803076,0.5965165769103273,0.5259500392963173,0.2711377093771372,0.5,0.5,0.0462521827406729,0.1220119692197117,0.1051900078592634,0.1193033153820654,0.0069378274111009,0.5965165769103273,0.4034834230896726,0.2,0.0,117,42.77601390529304,104.0
C_GT,Guatemala,CONCACAF,True,True,1775.3720775589434,45.92252935156032,39.79982056226534,0.0,0.4285714285714285,,,,0.33521380291091296,,,,True,False,False,False,True,True,4,,SPARSE,0.2711377093771372,0.2996971572953313,0.3169986125803076,0.5965165769103273,0.5259500392963173,0.2711377093771372,0.5,0.5,0.0462521827406729,0.1220119692197117,0.1051900078592634,0.1193033153820654,0.0069378274111009,0.5965165769103273,0.4034834230896726,0.2,0.0,118,50.41860927094029,71.0
C_SV,El Salvador,CONCACAF,True,True,1775.3720775589434,40.227617882933295,38.18602246625087,0.0,0.3076923076923077,,,,0.3318290884768543,,,,True,False,False,False,True,True,4,,SPARSE,0.2711377093771372,0.2996971572953313,0.3169986125803076,0.5965165769103273,0.5259500392963173,0.2711377093771372,0.5,0.5,0.0462521827406729,0.1220119692197117,0.1051900078592634,0.1193033153820654,0.0069378274111009,0.5965165769103273,0.4034834230896726,0.2,0.0,119,46.362087013977565,91.0
C_JM,Jamaica,CONCACAF,True,True,1775.3720775589434,51.40482373220592,48.2424019568566,0.0,0.6190476190476191,,,,0.2706426615512856,,,,True,False,False,False,True,True,4,,SPARSE,0.2711377093771372,0.2996971572953313,0.3169986125803076,0.5965165769103273,0.5259500392963173,0.2711377093771372,0.5,0.5,0.0462521827406729,0.1220119692197117,0.1051900078592634,0.1193033153820654,0.0069378274111009,0.5965165769103273,0.4034834230896726,0.2,0.0,120,55.9655858595571,53.0
C_PA,Panama,CONCACAF,True,True,1775.3720775589434,51.23689259471851,48.00151892977153,0.0,0.631578947368421,,,,0.3101177658164578,,,,True,False,False,False,True,True,4,,SPARSE,0.2711377093771372,0.2996971572953313,0.3169986125803076,0.5965165769103273,0.5259500392963173,0.2711377093771372,0.5,0.5,0.0462521827406729,0.1220119692197117,0.1051900078592634,0.1193033153820654,0.0069378274111009,0.5965165769103273,0.4034834230896726,0.2,0.0,121,56.91316029810538,50.0
C_CR,Costa Rica,CONCACAF,True,True,1775.3720775589434,52.36938968027558,39.469015191768456,0.0,0.5238095238095238,,,,0.2764756793757552,,,,True,False,False,False,True,True,4,,SPARSE,0.2711377093771372,0.2996971572953313,0.3169986125803076,0.5965165769103273,0.5259500392963173,0.2711377093771372,0.5,0.5,0.0462521827406729,0.1220119692197117,0.1051900078592634,0.1193033153820654,0.0069378274111009,0.5965165769103273,0.4034834230896726,0.2,0.0,122,52.34829073004212,65.0
C_KZ,Kazakhstan,UEFA,True,True,1868.6854649196632,41.41898518692855,29.26598550005506,0.0,0.3666666666666666,,,,0.2703931002636936,,,,True,False,False,False,True,True,4,,SPARSE,0.2711377093771372,0.2996971572953313,0.3169986125803076,0.5965165769103273,0.5259500392963173,0.2711377093771372,0.5,0.5,0.0462521827406729,0.1220119692197117,0.1051900078592634,0.1193033153820654,0.0069378274111009,0.5965165769103273,0.4034834230896726,0.2,0.0,123,49.884844937009056,73.0
C_AZ,Azerbaijan,UEFA,True,True,1868.6854649196632,37.02465620714689,25.113136223076992,0.0,0.2,,,,0.2915008929307045,,,,True,False,False,False,True,True,4,,SPARSE,0.2711377093771372,0.2996971572953313,0.3169986125803076,0.5965165769103273,0.5259500392963173,0.2711377093771372,0.5,0.5,0.0462521827406729,0.1220119692197117,0.1051900078592634,0.1193033153820654,0.0069378274111009,0.5965165769103273,0.4034834230896726,0.2,0.0,124,45.32421096470692,96.0
C_FO,Faroe Islands,UEFA,True,True,1868.6854649196632,48.36249899659884,40.25334607491402,0.0,0.6666666666666666,,,,0.3452294881432722,,,,True,False,False,False,True,True,4,,SPARSE,0.2711377093771372,0.2996971572953313,0.3169986125803076,0.5965165769103273,0.5259500392963173,0.2711377093771372,0.5,0.5,0.0462521827406729,0.1220119692197117,0.1051900078592634,0.1193033153820654,0.0069378274111009,0.5965165769103273,0.4034834230896726,0.2,0.0,125,61.37587972447884,38.0
C_MT,Malta,UEFA,True,True,1868.6854649196632,38.19232200198112,22.550815306147108,0.0,0.3333333333333333,,,,0.32289879582595016,,,,True,False,False,False,True,True,4,,SPARSE,0.2711377093771372,0.2996971572953313,0.3169986125803076,0.5965165769103273,0.5259500392963173,0.2711377093771372,0.5,0.5,0.0462521827406729,0.1220119692197117,0.1051900078592634,0.1193033153820654,0.0069378274111009,0.5965165769103273,0.4034834230896726,0.2,0.0,126,47.59801101809414,87.0
C_CY,Cyprus,UEFA,True,True,1868.6854649196632,42.08396006563442,23.007279869599564,0.0,0.3,,,,0.2932744016382103,,,,True,False,False,False,True,True,4,,SPARSE,0.2711377093771372,0.2996971572953313,0.3169986125803076,0.5965165769103273,0.5259500392963173,0.2711377093771372,0.5,0.5,0.0462521827406729,0.1220119692197117,0.1051900078592634,0.1193033153820654,0.0069378274111009,0.5965165769103273,0.4034834230896726,0.2,0.0,127,47.735033834148645,86.0
C_MD,Moldova,UEFA,True,True,1868.6854649196632,30.696874309719743,17.522422905240155,0.0,0.0333333333333333,,,,0.2645839765310905,,,,True,False,False,False,True,True,4,,SPARSE,0.2711377093771372,0.2996971572953313,0.3169986125803076,0.5965165769103273,0.5259500392963173,0.2711377093771372,0.5,0.5,0.0462521827406729,0.1220119692197117,0.1051900078592634,0.1193033153820654,0.0069378274111009,0.5965165769103273,0.4034834230896726,0.2,0.0,128,38.08839872888437,116.0
C_LT,Lithuania,UEFA,True,True,1868.6854649196632,32.9222349890664,28.73144601266064,0.0,0.2,,,,0.2862396237724108,,,,True,False,False,False,True,True,4,,SPARSE,0.2711377093771372,0.2996971572953313,0.3169986125803076,0.5965165769103273,0.5259500392963173,0.2711377093771372,0.5,0.5,0.0462521827406729,0.1220119692197117,0.1051900078592634,0.1193033153820654,0.0069378274111009,0.5965165769103273,0.4034834230896726,0.2,0.0,129,45.062241471076085,97.0
C_PF,Tahiti,OFC,True,True,1500.0,44.393840382620766,28.890905267693824,0.0,0.5,,,,0.18543578887387122,,,,False,False,False,False,True,True,4,,SPARSE,0.2711377093771372,0.2996971572953313,0.3169986125803076,0.5965165769103273,0.5259500392963173,0.2711377093771372,0.5,0.5,0.0462521827406729,0.1220119692197117,0.1051900078592634,0.1193033153820654,0.0069378274111009,0.5965165769103273,0.4034834230896726,0.2,0.0,130,25.771269055640992,129.0
